,1MFG'1' (Label: 0),1MFL'1' (Label: 0),1MW4'1' (Label: 0),1NB8'1' (Label: 0),1V9E'1' (Label: 1),1V9I'1' (Label: 1),1YY6'1' (Label: 0),1YZE'1' (Label: 0),2A91'1' (Label: 0),2L4K'1' (Label: 0),2LLY'1' (Label: 1),2N2A'1' (Label: 0),3PP0'1' (Label: 0),3RCD'1' (Label: 0),4CNR'1' (Label: 1),4CNV'1' (Label: 1),4CNW'1' (Label: 1),4CNX'1' (Label: 1),4GFU'1' (Label: 0),4JJQ'1' (Label: 0),4KG9'1' (Label: 0),4M5W'1' (Label: 0),4NND'1' (Label: 0),4PYZ'1' (Label: 0),4WPH'1' (Label: 0),5A25'1' (Label: 1),5EZT'1' (Label: 1),5FWI'1' (Label: 0),5KXY'1' (Label: 1),5KYB'1' (Label: 0),5N9R'1' (Label: 0),5N9T'1' (Label: 0),5OB4'1' (Label: 0),5TQS'1' (Label: 1),5UQV'1' (Label: 0),5UQX'1' (Label: 0),5VS6'1' (Label: 0),5WHC'1' (Label: 0),6EOQ'1' (Label: 1),6F5H'1' (Label: 0),6M1K'1' (Label: 0),6QVZ'1' (Label: 1),6QZV'1' (Label: 1),6VN2'1' (Label: 0),6VN3'1' (Label: 0),6VN4'1' (Label: 0),6VN5'1' (Label: 0),6VN6'1' (Label: 0),7A3F'1' (Label: 1),7CM2'1' (Label: 0),7SVL'1' (Label: 1),7VIJ'1' (Label: 0),7XHH'1' (Label: 0),7XHK'1' (Label: 0),7XPY'1' (Label: 0),8D4Z'1' (Label: 0)
1MFG'1' (Label: 0),0.0,0.9990042068653973,0.7338052386052069,0.031855822147161095,0.008519986146688587,0.9424137269293492,0.8205871715814366,0.6034117270642357,0.7718938818096676,0.0341315563840519,0.8549824959299154,0.8612833339019239,0.9990042068653973,0.7496148441807781,0.4019782148020884,0.7572720163590027,0.5788590995373032,0.8132129910350875,0.9663858102722144,0.9662442161470954,0.8009555441736537,0.7572720163590027,0.8136948760024785,0.04297420425951905,0.9953552389098888,0.8132129910350875,0.8941267832233181,0.963532760514289,0.9445751971332442,0.5788590995373032,0.7303527301938271,0.031855822147161095,0.008519986146688587,0.9955517980850991,0.9957381599135046,0.5788590995373032,0.8132129910350875,0.7582630727546082,0.7303527301938271,0.7572720163590027,0.8031675598805388,0.5981575354304655,0.7021661564927496,0.7572720163590027,0.9992373076656506,0.7232738212580154,0.7303527301938271,0.8034709974782221,0.8586210713963982,0.9493876274230059,0.7021661564927496,0.8906464338712706,0.944627724044623,0.031855822147161095,0.0,0.7303527301938271
1MFL'1' (Label: 0),0.7657359928541394,0.0,0.8035951449293444,0.7593841790840498,0.7659146644468018,0.8978118205604512,0.684623502517997,0.5981907823450358,0.6968550690642723,0.7594113616498458,0.8851531861535796,0.4076209842105215,0.0,0.6515913061763124,0.7145635000701648,0.6276973882395404,0.7308250344300313,0.6081493314379104,0.522369636400326,0.5240816585081485,0.6629975222630006,0.6276973882395404,0.7277247656731022,0.7607097352265048,0.6117779655600768,0.6081493314379104,0.5590497574187365,0.5257797920215802,0.8834704824953045,0.7308250344300313,0.8111335369476033,0.7593841790840498,0.7659146644468018,0.6305683471722097,0.5759279424722054,0.7308250344300313,0.6081493314379104,0.6231814929458599,0.8111335369476033,0.6276973882395404,0.7334622982762439,0.5095132276435087,0.8171372715710664,0.6276973882395404,0.6808170386203852,0.7223051747242252,0.8111335369476033,0.7331025623397387,0.4130252211354844,0.6273069583079782,0.8171372715710664,0.5679784166201522,0.8827188274212915,0.7593841790840498,0.7657359928541394,0.8111335369476033
1MW4'1' (Label: 0),0.5071682706005328,0.7245974938586622,0.0,0.5522929377362363,0.5143569653554597,0.563448460037362,0.30781141331216477,0.3784197638685699,0.5289774219391186,0.554266469615093,0.2573710646989757,0.44456405907031765,0.7245974938586622,0.3939728509289264,0.28366551153579134,0.412506115051286,0.26474236606140356,0.320867530399071,0.49491839265887866,0.4927908212705989,0.3809990334874017,0.412506115051286,0.38047222126656716,0.48183022917929774,0.6031461837999543,0.320867530399071,0.5227373318311911,0.5736247081674059,0.5798341925355938,0.26474236606140356,0.030241558396116214,0.5522929377362363,0.5143569653554597,0.6199404529365966,0.6358634243863521,0.26474236606140356,0.320867530399071,0.4149048478357133,0.030241558396116214,0.412506115051286,0.3952842015597731,0.26672855085301983,0.0553626595190913,0.412506115051286,0.6906212038109651,0.33369822186298553,0.030241558396116214,0.39552330446705103,0.44137527838992513,0.436734585179833,0.0553626595190913,0.5223246825271136,0.580232387848768,0.5522929377362363,0.5071682706005328,0.030241558396116214
1NB8'1' (Label: 0),0.031014887181453694,0.9645643098088467,0.7780000232877732,0.0,0.02908503512838659,0.9313369087779954,0.8573520297261658,0.6405670239612221,0.7665465113190986,0.002279332778541337,0.8979343692925491,0.8983519941680753,0.9645643098088467,0.7823230528555821,0.4366925683241931,0.7889799565288913,0.6139562121219685,0.8618757200399365,0.998615784314075,0.9986099535381253,0.8421118832098222,0.7889799565288913,0.846600432608779,0.07417471856212665,0.9639232097731572,0.8618757200399365,0.8494469747409024,0.9982164672938825,0.9157372238803732,0.6139562121219685,0.7718666278076063,0.0,0.02908503512838659,0.9654499264379643,0.9668974357504878,0.6139562121219685,0.8618757200399365,0.7898415496610303,0.7718666278076063,0.7889799565288913,0.8352863939657186,0.633780049370418,0.7430869014976701,0.7889799565288913,0.972859285237802,0.7594818186962381,0.7718666278076063,0.8355771318542266,0.8957365670312281,0.9969154102328509,0.7430869014976701,0.8459279944773962,0.9154480203698685,0.0,0.031014887181453694,0.7718666278076063
1V9E'1' (Label: 1),0.00852648923466678,1.0,0.7447743604122645,0.02989644604283872,0.0,0.9481560379294021,0.8264739968515081,0.6093610700658085,0.7739211694718994,0.02878396632855892,0.8656431274913845,0.8672188042666794,1.0,0.7558146811928214,0.4061789055986618,0.7632822525965,0.5875701840189315,0.8210049150971545,0.9715465054365062,0.9714266498724743,0.8090770249317196,0.7632822525965,0.8189637461536186,0.05071815490633321,1.0,0.8210049150971545,0.9007291898019703,0.9690863497795079,0.9501019735094207,0.5875701840189315,0.736999976337683,0.02989644604283872,0.0,1.0,1.0,0.5875701840189315,0.8210049150971545,0.7642487692461194,0.736999976337683,0.7632822525965,0.808310459246308,0.6049097786542612,0.7087184264570948,0.7632822525965,1.0,0.7322606265579806,0.736999976337683,0.808611863354043,0.8645640411335421,0.9611839972155763,0.7087184264570948,0.8972545490013383,0.9501492626398785,0.02989644604283872,0.00852648923466678,0.736999976337683
1V9I'1' (Label: 1),0.7601003549245052,0.944719558946485,0.65752498596718,0.7715334480332626,0.7641485398443264,0.0,0.5441158255573437,0.95881364946256,0.2589397767876268,0.7737256200480814,0.5138436445941451,0.859167853589345,0.944719558946485,0.34306738249605234,0.8076705425142021,0.3897110179781286,0.41580049319669,0.6832477309808765,0.6127040079398955,0.6110725886612561,0.5638050690593631,0.3897110179781286,0.45094936716240774,0.7856281076163292,0.5372813802163863,0.6832477309808765,0.8118243506968357,0.9615533876874137,0.03753447416457188,0.41580049319669,0.6561857606146578,0.7715334480332626,0.7641485398443264,0.5568629511792746,0.5754286168229711,0.41580049319669,0.6832477309808765,0.3878385702675356,0.6561857606146578,0.3897110179781286,0.4490947522700604,0.6412670567296214,0.6274270104137684,0.3897110179781286,0.6403099952019182,0.5416544889145489,0.6561857606146578,0.44953818939797724,0.856502918208096,0.9400485228267875,0.6274270104137684,0.808272841281848,0.0384466123125861,0.7715334480332626,0.7601003549245052,0.6561857606146578
1YY6'1' (Label: 0),0.6493416561982676,0.7067870781739497,0.35242117308857135,0.6968291881910048,0.6535011793720892,0.5338393297754112,0.0,0.49155087179102325,0.34854959361895027,0.6980336681353964,0.41096307227035217,0.31055579001458194,0.7067870781739497,0.205607893737658,0.4604076907093363,0.17673370912412048,0.2723883594643119,0.3340500889846691,0.5167739323039361,0.513556893450212,0.29218797456411033,0.17673370912412048,0.11496794485750782,0.629524738415329,0.7474453197020057,0.3340500889846691,0.5505666733771721,0.4482383716610887,0.5513364254084955,0.2723883594643119,0.34165154175182283,0.6968291881910048,0.6535011793720892,0.758133061785834,0.7682663169075147,0.2723883594643119,0.3340500889846691,0.1823293714404084,0.34165154175182283,0.17673370912412048,0.13535557430215586,0.3788671558996278,0.357826467062805,0.17673370912412048,0.7907099096422063,0.20989498452303793,0.34165154175182283,0.1352323285693733,0.30719769201794866,0.3611127914141646,0.357826467062805,0.5501780857883467,0.5517616286135597,0.6968291881910048,0.6493416561982676,0.34165154175182283
1YZE'1' (Label: 0),0.4724702266032809,0.6110667768504148,0.4287096334116885,0.5151620819678594,0.47676464849081834,0.9308197203000937,0.4863855111269694,0.0,0.7214679689988626,0.5163870849936055,0.6740238895944842,0.4186903850125483,0.6110667768504148,0.5047666495306634,0.2423886111692687,0.5106580737788898,0.45450176938237186,0.5725217739515749,0.4429626126797689,0.440616186556168,0.6466112884624485,0.5106580737788898,0.5502963237296531,0.4488584392224126,0.6988844232440635,0.5725217739515749,0.735171017941057,0.4002603025686896,0.9334163657211877,0.45450176938237186,0.41510406912494535,0.5151620819678594,0.47676464849081834,0.7133462884651008,0.7286041137483669,0.45450176938237186,0.5725217739515749,0.5126560529090451,0.41510406912494535,0.5106580737788898,0.5602759043502274,0.39314391086680656,0.42855617727748235,0.5106580737788898,0.7356059659377336,0.5363545469160789,0.41510406912494535,0.559984645894261,0.41795590956108425,0.3628829906660557,0.42855617727748235,0.7349420419504047,0.9334794679680407,0.5151620819678594,0.4724702266032809,0.41510406912494535
2A91'1' (Label: 0),0.650504886559785,0.7661674263953641,0.6449986902385858,0.6635139962742012,0.6517159223036444,0.27055925969674416,0.37120088611334867,0.7765140523080687,0.0,0.6649656480150855,0.580408084161824,0.6772933320852373,0.7661674263953641,0.1851370631050435,0.6794252836000195,0.23661045609376366,0.294861464426137,0.49039147779448805,0.8064125894847355,0.8055971350517149,0.41239146224935397,0.23661045609376366,0.24493117386719357,0.6781161322065138,0.8122425766770447,0.49039147779448805,0.6338369163592067,0.7913804567248509,0.2817996329328307,0.294861464426137,0.6370209647273224,0.6635139962742012,0.6517159223036444,0.8201881942138847,0.8277215880517287,0.294861464426137,0.49039147779448805,0.23536311698615184,0.6370209647273224,0.23661045609376366,0.22545628632314801,0.4692651271839925,0.6038812995257979,0.23661045609376366,0.8420960015195809,0.4168875279183027,0.6370209647273224,0.2248167915967676,0.6743986011392025,0.7762753950130564,0.6038812995257979,0.6301315160245797,0.281714850710597,0.6635139962742012,0.650504886559785,0.6370209647273224
2L4K'1' (Label: 0),0.03323430073681501,0.9647078207383286,0.7808682992387175,0.002279590305719877,0.028005912759547193,0.9340886580301132,0.858931010002993,0.6421627728350257,0.7683103767036736,0.0,0.9007219790067312,0.8999440221644366,0.9647078207383286,0.7839677180703001,0.4378450637383643,0.7905743252925939,0.6162340420672265,0.8639656910936193,1.0,1.0,0.8449636875484434,0.7905743252925939,0.8480136635443103,0.07619965600834973,0.9649853325509549,0.8639656910936193,0.8509567545292315,0.9997060661036111,0.9183856879461891,0.6162340420672265,0.7736495702383464,0.002279590305719877,0.028005912759547193,0.9664671017430313,0.9678719954878967,0.6162340420672265,0.8639656910936193,0.7914294086299554,0.7736495702383464,0.7905743252925939,0.8366658366685258,0.635571254450474,0.7448443691593561,0.7905743252925939,0.9729692023632005,0.761831745951527,0.7736495702383464,0.8369560291287313,0.897330606823543,1.0,0.7448443691593561,0.8474390796466414,0.9176009433848307,0.002279590305719877,0.03323430073681501,0.7736495702383464
2LLY'1' (Label: 1),0.6080193530733556,0.8212339071093383,0.26481868885815213,0.6558784877273403,0.6151311292505715,0.4530663804808904,0.36932987390663474,0.6121738433096827,0.48977957228416347,0.6578403172254244,0.0,0.6406798891600878,0.8212339071093383,0.4457663951853087,0.4372389559385142,0.46271573144690853,0.28320927212754593,0.44476646482574245,0.605531544810307,0.6038699127361189,0.24253935774900687,0.46271573144690853,0.4334195842495098,0.5780905248041346,0.5185691122334818,0.44476646482574245,0.5738907260306517,0.7571226788696395,0.44890702341661265,0.28320927212754593,0.2793655733749216,0.6558784877273403,0.6151311292505715,0.5283230071759317,0.5480843823295763,0.28320927212754593,0.44476646482574245,0.4649094587733604,0.2793655733749216,0.46271573144690853,0.4469656724810492,0.4183783483149933,0.2949656704425268,0.46271573144690853,0.7106059179759313,0.3190301622429133,0.2793655733749216,0.4471843406599458,0.6377388977113383,0.5972442177748334,0.2949656704425268,0.5693304357585518,0.44992332693535614,0.6558784877273403,0.6080193530733556,0.2793655733749216
2N2A'1' (Label: 0),0.6759593648825266,0.4173681792277041,0.5048212491865849,0.7241686071239148,0.6800985869339767,0.836032639132104,0.30801058047237273,0.41966894544769884,0.6307516292902856,0.7253699985118219,0.7070586797585651,0.0,0.4173681792277041,0.4029890338985958,0.49032779782957037,0.33352981888940236,0.5524433236008065,0.45039025893663676,0.3250624107469901,0.32476177881615537,0.5366332398506279,0.33352981888940236,0.37297711113020016,0.6567135440819969,0.7392736247973698,0.45039025893663676,0.5982415114975153,0.25589734380324664,0.8421870675275238,0.5524433236008065,0.49650365105473804,0.7241686071239148,0.6800985869339767,0.7503071812605061,0.7607683094040246,0.5524433236008065,0.45039025893663676,0.33244928010791935,0.49650365105473804,0.33352981888940236,0.3802714688487219,0.30041103641359457,0.5131223490368112,0.33352981888940236,0.7842295203793102,0.415951960543348,0.49650365105473804,0.3800513839646512,0.004889214295566385,0.35102170981452446,0.5131223490368112,0.5978941443729844,0.8423366286873097,0.7241686071239148,0.6759593648825266,0.49650365105473804
3PP0'1' (Label: 0),0.7657359928541394,0.0,0.8035951449293444,0.7593841790840498,0.7659146644468018,0.8978118205604512,0.684623502517997,0.5981907823450358,0.6968550690642723,0.7594113616498458,0.8851531861535796,0.4076209842105215,0.0,0.6515913061763124,0.7145635000701648,0.6276973882395404,0.7308250344300313,0.6081493314379104,0.522369636400326,0.5240816585081485,0.6629975222630006,0.6276973882395404,0.7277247656731022,0.7607097352265048,0.6117779655600768,0.6081493314379104,0.5590497574187365,0.5257797920215802,0.8834704824953045,0.7308250344300313,0.8111335369476033,0.7593841790840498,0.7659146644468018,0.6305683471722097,0.5759279424722054,0.7308250344300313,0.6081493314379104,0.6231814929458599,0.8111335369476033,0.6276973882395404,0.7334622982762439,0.5095132276435087,0.8171372715710664,0.6276973882395404,0.6808170386203852,0.7223051747242252,0.8111335369476033,0.7331025623397387,0.4130252211354844,0.6273069583079782,0.8171372715710664,0.5679784166201522,0.8827188274212915,0.7593841790840498,0.7657359928541394,0.8111335369476033
3RCD'1' (Label: 0),0.6775152468914706,0.7683240576421144,0.5152000809750266,0.7262491467718223,0.6825977605533871,0.38444214523931963,0.23484003588971145,0.5826541554610508,0.19855521603458404,0.7276937112715202,0.5665366901562594,0.4640871865265873,0.7683240576421144,0.0,0.59748745154152,0.057135176036508216,0.2613789499737275,0.5222348374020105,0.6210368975378715,0.6194405791562607,0.4540320940581759,0.057135176036508216,0.21894045408003962,0.6934126558121521,0.8892038078896978,0.5222348374020105,0.7432352964699539,0.5918917405627293,0.4075467853607245,0.2613789499737275,0.48904154513101733,0.7262491467718223,0.6825977605533871,0.8938925396706672,0.8983380166314674,0.2613789499737275,0.5222348374020105,0.05662063280085886,0.48904154513101733,0.057135176036508216,0.22186066467800108,0.3292829030550866,0.4641357332374161,0.057135176036508216,0.9031284751919825,0.288978717252833,0.48904154513101733,0.22192882531561506,0.46092307300717533,0.6083781749495267,0.4641357332374161,0.7396244838088049,0.4081082594372706,0.7262491467718223,0.6775152468914706,0.48904154513101733
4CNR'1' (Label: 1),0.32991235288906484,0.7651122306899242,0.33684594934023104,0.368120898487227,0.3331057010405669,0.8218659187872049,0.47751837544286035,0.2540665969251549,0.6616751120975943,0.3690507265855764,0.5046086943784448,0.5127527867885532,0.7651122306899242,0.542555229159765,0.0,0.556544610282986,0.3458564446041153,0.5000001718633346,0.6633500273330415,0.6619319461559564,0.4899063508081379,0.556544610282986,0.5323646091308648,0.30706313909436644,0.7229087422787045,0.5000001718633346,0.5193811246446153,0.6374262542948338,0.8038638649804628,0.3458564446041153,0.35611792885863597,0.368120898487227,0.3331057010405669,0.7346348362063064,0.7457525727807326,0.3458564446041153,0.5000001718633346,0.5583552350554261,0.35611792885863597,0.556544610282986,0.5435450699175474,0.38530900011252533,0.3722532616571429,0.556544610282986,0.8200960129862154,0.45195941087043817,0.35611792885863597,0.5437255510909408,0.5096501614809335,0.4662834266615129,0.3722532616571429,0.5189655735075384,0.804543772371347,0.368120898487227,0.32991235288906484,0.35611792885863597
4CNV'1' (Label: 1),0.7060273635659708,0.7634985247665294,0.5564533331839968,0.755534338509199,0.7110881312550636,0.4504877410825592,0.20822864633025992,0.6080497689756225,0.2617644064746445,0.7569755946368697,0.6066297575107022,0.39621393593367693,0.7634985247665294,0.058937580002388745,0.6322277383500542,0.0,0.3225861190937504,0.5699267219903834,0.5649311056302907,0.5619169210323334,0.4950484417331745,0.0,0.22312400307104563,0.7225365149919163,0.9251298301360715,0.5699267219903834,0.7943031991971344,0.5283853741378285,0.47111339449310213,0.3225861190937504,0.5297272208894115,0.755534338509199,0.7110881312550636,0.9282982255312681,0.9313022424454173,0.3225861190937504,0.5699267219903834,0.006317264376286325,0.5297272208894115,0.0,0.2259441910309476,0.3248258894455689,0.5042400900615152,0.0,0.931618845893659,0.28277080051626646,0.5297272208894115,0.22601073730637342,0.3929640656418216,0.580532260854553,0.5042400900615152,0.7907365402878445,0.4716146258621714,0.755534338509199,0.7060273635659708,0.5297272208894115
4CNW'1' (Label: 1),0.5037832987549882,0.8297983609121038,0.33336736280547963,0.5488161860571492,0.5109745752019936,0.44866952221295614,0.2995786808179166,0.5051795708705905,0.304506070235064,0.5507901107074824,0.34659172495178225,0.6126100043544017,0.8297983609121038,0.25168690198379773,0.3667504993153409,0.30112509639538354,0.0,0.4557470741469568,0.7501725751923862,0.7491202191507035,0.3727957182183203,0.30112509639538354,0.25634714835236405,0.4726031957537416,0.8180492558373611,0.4557470741469568,0.6420909591279118,0.7308587770467193,0.46139426864216965,0.0,0.3349890594164591,0.5488161860571492,0.5109745752019936,0.8257491435363633,0.8330495556238291,0.0,0.4557470741469568,0.29961434428670775,0.3349890594164591,0.30112509639538354,0.2591451809869622,0.3240046871735808,0.3097951543760244,0.30112509639538354,0.8696400687096983,0.3382787104533798,0.3349890594164591,0.2596637237151287,0.6096335470527167,0.62856581897589,0.3097951543760244,0.6383926953770395,0.46190471092343877,0.5488161860571492,0.5037832987549882,0.3349890594164591
4CNX'1' (Label: 1),0.48617126124775534,0.4743331359781669,0.2775488800970847,0.5292346052794215,0.49045523323099854,0.5064468115759054,0.25237598437053976,0.43713570788519523,0.3478843763318343,0.5304580185207162,0.3739011750339339,0.34308317344969563,0.4743331359781669,0.3454378481984551,0.3642160406276616,0.36545538909977093,0.31306748420842057,0.0,0.5120223909231408,0.5099668672530977,0.15422663328706612,0.36545538909977093,0.3308559912162031,0.46700260122883536,0.49580730975865084,0.0,0.2583130366132213,0.47457774033311256,0.5249720709756516,0.31306748420842057,0.2923841360253304,0.5292346052794215,0.49045523323099854,0.5171440020640415,0.5373737327177878,0.31306748420842057,0.0,0.36804622961801897,0.2923841360253304,0.36545538909977093,0.34685422117723125,0.29950759998715815,0.31375973144300456,0.36545538909977093,0.597384040231915,0.29132486585078277,0.2923841360253304,0.34711247318140975,0.3422531694891293,0.3200986371509797,0.31375973144300456,0.257671761630497,0.5254222596668873,0.5292346052794215,0.48617126124775534,0.2923841360253304
4GFU'1' (Label: 0),0.8723123565945836,0.6151593943968073,0.6463738918086437,0.9258454968526205,0.8763018217244284,0.685713767581229,0.5894860569658533,0.5106553100851177,0.8637455333898144,0.9270241046375888,0.7685959167995335,0.3738640327052754,0.6151593943968073,0.6202374544499949,0.7295720225100647,0.5469496430238849,0.7780576229529077,0.7730818157515739,0.0,0.005393862195928971,0.8190985042513825,0.5469496430238849,0.6425741410728216,0.8572793928203246,0.42876981359328614,0.7730818157515739,0.9499283229116495,0.3621591097827255,0.6814453293556897,0.7780576229529077,0.6312725776159991,0.9258454968526205,0.8763018217244284,0.4546625318197539,0.4807581692358243,0.7780576229529077,0.7730818157515739,0.542763440121359,0.6312725776159991,0.5469496430238849,0.650347497692897,0.5370163169554908,0.6426604889099975,0.5469496430238849,0.4910343093237772,0.6487073478953006,0.6312725776159991,0.6500206251471606,0.37307291987073793,0.49066368940683575,0.6426604889099975,0.949885030100201,0.6809852990555424,0.9258454968526205,0.8723123565945836,0.6312725776159991
4JJQ'1' (Label: 0),0.8685260261185422,0.6145866839336424,0.6408955736655948,0.9219565041398798,0.8725183790536164,0.6810192692926884,0.5833590660652689,0.5058196274449667,0.8592526458045693,0.923135551267531,0.7632716680491312,0.3719514837843155,0.6145866839336424,0.6160481914882577,0.724958608494263,0.5417493701735282,0.7737070383755141,0.7667484649822043,0.0053712367637372095,0.0,0.8136516463772127,0.5417493701735282,0.6370903163527981,0.853411824626382,0.4272514106560796,0.7667484649822043,0.943146646297158,0.3596050992617284,0.6769270365918758,0.7737070383755141,0.6258696320605708,0.9219565041398798,0.8725183790536164,0.45320838546007414,0.4793649457792733,0.7737070383755141,0.7667484649822043,0.5381494379655307,0.6258696320605708,0.5417493701735282,0.6449947827453536,0.5324537901679091,0.6373347412301724,0.5417493701735282,0.49253418664676357,0.6442190596909331,0.6258696320605708,0.6446700269043758,0.3711579544746398,0.48477221825488365,0.6373347412301724,0.9430974899344154,0.6764712883227033,0.9219565041398798,0.8685260261185422,0.6258696320605708
4KG9'1' (Label: 0),0.5567764859884676,0.6012742911195784,0.38319962919102707,0.6012580193520117,0.5619930996577936,0.4859282163981741,0.25667659569250445,0.5740570517945107,0.3401646460774559,0.6032260196056093,0.2370797810866959,0.47530840941463354,0.6012742911195784,0.34920313307564166,0.4149439943130582,0.3691055256387489,0.2977642045499771,0.17932749286849625,0.6307933796929579,0.6292381588527775,0.0,0.3691055256387489,0.3347051563580927,0.5380415729933498,0.4983986152102373,0.17932749286849625,0.2996357940979843,0.602391003324401,0.4805354076026587,0.2977642045499771,0.4042822741625967,0.6012580193520117,0.5619930996577936,0.5130374295575724,0.5334392091370254,0.2977642045499771,0.17932749286849625,0.37168146267900676,0.4042822741625967,0.3691055256387489,0.3506113585518696,0.4010650479484788,0.4214027562671878,0.3691055256387489,0.6946101327067369,0.18748724092123545,0.4042822741625967,0.35086812499303344,0.4721584737318411,0.395295814860979,0.4214027562671878,0.2948383788269045,0.4815217365872482,0.6012580193520117,0.5567764859884676,0.4042822741625967
4M5W'1' (Label: 0),0.7060273635659708,0.7634985247665294,0.5564533331839968,0.755534338509199,0.7110881312550636,0.4504877410825592,0.20822864633025992,0.6080497689756225,0.2617644064746445,0.7569755946368697,0.6066297575107022,0.39621393593367693,0.7634985247665294,0.058937580002388745,0.6322277383500542,0.0,0.3225861190937504,0.5699267219903834,0.5649311056302907,0.5619169210323334,0.4950484417331745,0.0,0.22312400307104563,0.7225365149919163,0.9251298301360715,0.5699267219903834,0.7943031991971344,0.5283853741378285,0.47111339449310213,0.3225861190937504,0.5297272208894115,0.755534338509199,0.7110881312550636,0.9282982255312681,0.9313022424454173,0.3225861190937504,0.5699267219903834,0.006317264376286325,0.5297272208894115,0.0,0.2259441910309476,0.3248258894455689,0.5042400900615152,0.0,0.931618845893659,0.28277080051626646,0.5297272208894115,0.22601073730637342,0.3929640656418216,0.580532260854553,0.5042400900615152,0.7907365402878445,0.4716146258621714,0.755534338509199,0.7060273635659708,0.5297272208894115
4NND'1' (Label: 0),0.7194055302851162,0.83939736510857,0.48670283634780925,0.7687927678569547,0.723511616279257,0.4943227982453816,0.1284518660777669,0.6213668825669433,0.2569586785209424,0.7699891182535736,0.5388408873323784,0.42016495497928047,0.83939736510857,0.2141693459136036,0.5734892841585565,0.2115869406249606,0.26041726915221314,0.4892898638769329,0.629381474093824,0.6266387758416652,0.4256985002002045,0.2115869406249606,0.0,0.7010918698840024,0.8643865488951417,0.4892898638769329,0.7079582109813977,0.5507954133965058,0.4971643247248411,0.26041726915221314,0.460936375080452,0.7687927678569547,0.723511616279257,0.8701255102728819,0.8755667307551855,0.26041726915221314,0.4892898638769329,0.2126760447865442,0.460936375080452,0.2115869406249606,0.023908500638159736,0.4739428473570425,0.4563763796819105,0.2115869406249606,0.8834476735720399,0.2929481838161635,0.460936375080452,0.024294444597762484,0.416945346418993,0.5055214534897915,0.4563763796819105,0.7043168967477461,0.49687543951761104,0.7687927678569547,0.7194055302851162,0.460936375080452
4PYZ'1' (Label: 0),0.0420715372326948,0.971600583757122,0.6825010326945447,0.07458561180886175,0.04961495747069409,0.9536043378396566,0.7788338113305683,0.561214951011306,0.787755871122554,0.0766131104378703,0.7958224910238247,0.8191849496237419,0.971600583757122,0.7510890074914008,0.36627912031242943,0.7587010974352121,0.5316260946331701,0.7647418572793662,0.929782657561863,0.9294868788073782,0.7577464265735773,0.7587010974352121,0.7763244728661682,0.0,0.9575085802912174,0.7647418572793662,0.8403287464683344,0.924142936179785,0.9497493852004536,0.5316260946331701,0.68320594933107,0.07458561180886175,0.04961495747069409,0.9593067543566959,0.9610116382191924,0.5316260946331701,0.7647418572793662,0.7596863189043326,0.68320594933107,0.7587010974352121,0.7666906270514613,0.5997630468665863,0.6556930111514803,0.7587010974352121,0.978248470637851,0.7084662888476847,0.68320594933107,0.7670084875400041,0.8164694964793529,0.883924967844294,0.6556930111514803,0.8368018820188208,0.9497970082077087,0.07458561180886175,0.0420715372326948,0.68320594933107
4WPH'1' (Label: 0),0.7899478686995006,0.6334355184345183,0.6925827042176654,0.7857445454085586,0.7930288108796187,0.5286798804753869,0.74963733962691,0.7083778718156106,0.7649148832979189,0.7865214735784537,0.5787177337402171,0.7475684966617469,0.6334355184345183,0.7808016885421486,0.6990491981252906,0.7875051179308329,0.7459829094123992,0.6581854465524096,0.37698411218754024,0.3772314566973568,0.569016261861954,0.7875051179308329,0.7759185490172152,0.7762157709689708,0.0,0.6581854465524096,0.5462370808052356,0.7277767309347282,0.48744048638119486,0.7459829094123992,0.7084592848745519,0.7857445454085586,0.7930288108796187,0.04869476002327601,0.09387408448555531,0.7459829094123992,0.6581854465524096,0.7883727328170489,0.7084592848745519,0.7875051179308329,0.7812760005310369,0.7612710933186457,0.7205847768023752,0.7875051179308329,0.36498520163965614,0.6448632821259369,0.7084592848745519,0.781362483216235,0.7472495534727852,0.5618942552672932,0.7205847768023752,0.541652880727868,0.48679625209429145,0.7857445454085586,0.7899478686995006,0.7084592848745519
5A25'1' (Label: 1),0.48617126124775534,0.4743331359781669,0.2775488800970847,0.5292346052794215,0.49045523323099854,0.5064468115759054,0.25237598437053976,0.43713570788519523,0.3478843763318343,0.5304580185207162,0.3739011750339339,0.34308317344969563,0.4743331359781669,0.3454378481984551,0.3642160406276616,0.36545538909977093,0.31306748420842057,0.0,0.5120223909231408,0.5099668672530977,0.15422663328706612,0.36545538909977093,0.3308559912162031,0.46700260122883536,0.49580730975865084,0.0,0.2583130366132213,0.47457774033311256,0.5249720709756516,0.31306748420842057,0.2923841360253304,0.5292346052794215,0.49045523323099854,0.5171440020640415,0.5373737327177878,0.31306748420842057,0.0,0.36804622961801897,0.2923841360253304,0.36545538909977093,0.34685422117723125,0.29950759998715815,0.31375973144300456,0.36545538909977093,0.597384040231915,0.29132486585078277,0.2923841360253304,0.34711247318140975,0.3422531694891293,0.3200986371509797,0.31375973144300456,0.257671761630497,0.5254222596668873,0.5292346052794215,0.48617126124775534,0.2923841360253304
5EZT'1' (Label: 1),0.49920686007482284,0.4072116175674752,0.42227336568959634,0.4871204102489653,0.5025095481934999,0.5619713592355713,0.38845688100590337,0.524214607595005,0.41991946453109147,0.48793107423129056,0.4505577535807166,0.4255821850222256,0.4072116175674752,0.45912069777905523,0.3533227020360484,0.4756616384472907,0.4119145136022018,0.24123637297547185,0.5875580722969013,0.5858207299903235,0.2406593055437382,0.4756616384472907,0.4470713842366872,0.47923676061928894,0.3842751440215014,0.24123637297547185,0.0,0.5558641050308196,0.5355473934135878,0.4119145136022018,0.439002348789034,0.4871204102489653,0.5025095481934999,0.4126931102039248,0.4185811666856114,0.4119145136022018,0.24123637297547185,0.47780250749399605,0.439002348789034,0.4756616384472907,0.4602910783995211,0.4109282881957448,0.45828305565473054,0.4756616384472907,0.5578919323176138,0.3523116503330414,0.439002348789034,0.46050447774520414,0.4223694210459239,0.3463677352170669,0.45828305565473054,0.008445295408834442,0.5356194957359446,0.4871204102489653,0.49920686007482284,0.439002348789034
5FWI'1' (Label: 0),0.8082066418802921,0.5753711419542175,0.6961655237532398,0.8600016253399659,0.8122449999473376,1.0,0.47513434056708914,0.42878318838652085,0.7876772209153472,0.8611876715608725,0.8930216863568815,0.273493596308286,0.5753711419542175,0.5493097586274553,0.6514630931499004,0.47537582554312,0.7043986184038956,0.6658529353947722,0.33653780956850177,0.33557209675259414,0.726878683720582,0.47537582554312,0.5225574622892586,0.7917982561768667,0.7691902498513388,0.6658529353947722,0.8351089142297857,0.0,1.0,0.7043986184038956,0.6852153451972731,0.8600016253399659,0.8122449999473376,0.7806768762440228,0.7931138195460037,0.7043986184038956,0.6658529353947722,0.47371613066279517,0.6852153451972731,0.47537582554312,0.5229106872754592,0.48932226597468437,0.6991377208971974,0.47537582554312,0.6589379598687708,0.5727169067530562,0.6852153451972731,0.522789155215761,0.2714369330256275,0.3909161916840863,0.6991377208971974,0.8349663466326745,0.9999999999999999,0.8600016253399659,0.8082066418802921,0.6852153451972731
5KXY'1' (Label: 1),0.7915542535139907,0.9658828371552901,0.7030346068692152,0.7881949171107058,0.7955784487864723,0.038998253087549964,0.5838648014953917,0.9989847551558121,0.2802151472942324,0.7903852071023494,0.5289813616360974,0.8992452902649551,0.9658828371552901,0.3778685318402414,0.8207872400036671,0.4234478933973851,0.44426842043720316,0.7358603002087765,0.6326356895749976,0.6310882291555817,0.5792913840555742,0.4234478933973851,0.4712288981073713,0.8129664690690084,0.5146896355172396,0.7358603002087765,0.8038233518093753,0.9990522900576386,0.0,0.44426842043720316,0.7010692441511062,0.7881949171107058,0.7955784487864723,0.5352272555874149,0.5546993704101786,0.44426842043720316,0.7358603002087765,0.4214376985431851,0.7010692441511062,0.4234478933973851,0.4688894300364847,0.6791689926003779,0.6716691968561703,0.4234478933973851,0.6430670486251459,0.5544154322937087,0.7010692441511062,0.4693250406510116,0.8966309920874215,0.9567989476972589,0.6716691968561703,0.8002649245966148,0.001441737168031228,0.7881949171107058,0.7915542535139907,0.7010692441511062
5KYB'1' (Label: 0),0.5037832987549882,0.8297983609121038,0.33336736280547963,0.5488161860571492,0.5109745752019936,0.44866952221295614,0.2995786808179166,0.5051795708705905,0.304506070235064,0.5507901107074824,0.34659172495178225,0.6126100043544017,0.8297983609121038,0.25168690198379773,0.3667504993153409,0.30112509639538354,0.0,0.4557470741469568,0.7501725751923862,0.7491202191507035,0.3727957182183203,0.30112509639538354,0.25634714835236405,0.4726031957537416,0.8180492558373611,0.4557470741469568,0.6420909591279118,0.7308587770467193,0.46139426864216965,0.0,0.3349890594164591,0.5488161860571492,0.5109745752019936,0.8257491435363633,0.8330495556238291,0.0,0.4557470741469568,0.29961434428670775,0.3349890594164591,0.30112509639538354,0.2591451809869622,0.3240046871735808,0.3097951543760244,0.30112509639538354,0.8696400687096983,0.3382787104533798,0.3349890594164591,0.2596637237151287,0.6096335470527167,0.62856581897589,0.3097951543760244,0.6383926953770395,0.46190471092343877,0.5488161860571492,0.5037832987549882,0.3349890594164591
5N9R'1' (Label: 0),0.5118239249726556,0.7415979825217791,0.030663436515488918,0.5555828131075,0.5160883318659201,0.5701450992922527,0.3025678432868877,0.3715217268918932,0.529722825189087,0.5568032497702382,0.27529646369515953,0.4433388869693362,0.7415979825217791,0.3791864290969487,0.30407849336649334,0.3981718852731737,0.2697414254024091,0.3427336577521201,0.4900984961515365,0.4879506217592383,0.407568069272414,0.3981718852731737,0.36535639807483994,0.48905649195196066,0.6255794835557551,0.3427336577521201,0.5510275704145066,0.5724783621813389,0.586279476682473,0.2697414254024091,0.0,0.5555828131075,0.5160883318659201,0.6414244084639215,0.6564472883013687,0.2697414254024091,0.3427336577521201,0.4006291446019433,0.0,0.3981718852731737,0.3805297750364717,0.27076765604830366,0.03167271008511154,0.3981718852731737,0.7002555609709487,0.32753167837940117,0.0,0.3807747120624856,0.4401485583034833,0.44793856287779343,0.03167271008511154,0.5472505713181214,0.5866715640104285,0.5555828131075,0.5118239249726556,0.0
5N9T'1' (Label: 0),0.031014887181453694,0.9645643098088467,0.7780000232877732,0.0,0.02908503512838659,0.9313369087779954,0.8573520297261658,0.6405670239612221,0.7665465113190986,0.002279332778541337,0.8979343692925491,0.8983519941680753,0.9645643098088467,0.7823230528555821,0.4366925683241931,0.7889799565288913,0.6139562121219685,0.8618757200399365,0.998615784314075,0.9986099535381253,0.8421118832098222,0.7889799565288913,0.846600432608779,0.07417471856212665,0.9639232097731572,0.8618757200399365,0.8494469747409024,0.9982164672938825,0.9157372238803732,0.6139562121219685,0.7718666278076063,0.0,0.02908503512838659,0.9654499264379643,0.9668974357504878,0.6139562121219685,0.8618757200399365,0.7898415496610303,0.7718666278076063,0.7889799565288913,0.8352863939657186,0.633780049370418,0.7430869014976701,0.7889799565288913,0.972859285237802,0.7594818186962381,0.7718666278076063,0.8355771318542266,0.8957365670312281,0.9969154102328509,0.7430869014976701,0.8459279944773962,0.9154480203698685,0.0,0.031014887181453694,0.7718666278076063
5OB4'1' (Label: 0),0.00852648923466678,1.0,0.7447743604122645,0.02989644604283872,0.0,0.9481560379294021,0.8264739968515081,0.6093610700658085,0.7739211694718994,0.02878396632855892,0.8656431274913845,0.8672188042666794,1.0,0.7558146811928214,0.4061789055986618,0.7632822525965,0.5875701840189315,0.8210049150971545,0.9715465054365062,0.9714266498724743,0.8090770249317196,0.7632822525965,0.8189637461536186,0.05071815490633321,1.0,0.8210049150971545,0.9007291898019703,0.9690863497795079,0.9501019735094207,0.5875701840189315,0.736999976337683,0.02989644604283872,0.0,1.0,1.0,0.5875701840189315,0.8210049150971545,0.7642487692461194,0.736999976337683,0.7632822525965,0.808310459246308,0.6049097786542612,0.7087184264570948,0.7632822525965,1.0,0.7322606265579806,0.736999976337683,0.808611863354043,0.8645640411335421,0.9611839972155763,0.7087184264570948,0.8972545490013383,0.9501492626398785,0.02989644604283872,0.00852648923466678,0.736999976337683
5TQS'1' (Label: 1),0.82501738629823,0.6817413906499853,0.7433236460727887,0.8217649351076917,0.8280715814563042,0.572160974497798,0.7939554516413962,0.7549860827672993,0.8065286307605029,0.8225377940247451,0.6156566628632302,0.7922528265244334,0.6817413906499853,0.8196032229187903,0.7417792806907285,0.8251200403115312,0.786278626959866,0.7168458190874428,0.417413918003869,0.4178315662761634,0.6116117454039205,0.8251200403115312,0.8155844753587257,0.8120377235692527,0.050846509468406124,0.7168458190874428,0.6125548993028437,0.7712845391715015,0.5292895401284652,0.786278626959866,0.7585021153776019,0.8217649351076917,0.8280715814563042,0.0,0.049481903151491466,0.786278626959866,0.7168458190874428,0.8258340737736508,0.7585021153776019,0.8251200403115312,0.8199935740472982,0.8035298487242389,0.7699125928843821,0.8251200403115312,0.4034069133096413,0.6291329025732784,0.7585021153776019,0.8200647481519758,0.7919903412754459,0.6164618808678901,0.7699125928843821,0.6080280387231494,0.528605645077247,0.8217649351076917,0.82501738629823,0.7585021153776019
5UQV'1' (Label: 0),0.8612549550635495,0.6498946894342715,0.7957546030859736,0.8589850459383731,0.864281512105711,0.6170902812618605,0.8397496553156508,0.8048547319930474,0.8495283963265012,0.859753700069109,0.6666130786957158,0.8384254452647901,0.6498946894342715,0.8596971092415654,0.7859325628382121,0.8639877927287465,0.8279164627980121,0.7774599771679791,0.4606719564208937,0.46127182191019117,0.6637416078179699,0.8639877927287465,0.8565715442396696,0.8490527884901277,0.10230856000896422,0.7774599771679791,0.6484624399910703,0.8178358990443889,0.572532449263469,0.8279164627980121,0.8102117092281661,0.8589850459383731,0.864281512105711,0.05164564880058753,0.0,0.8279164627980121,0.7774599771679791,0.8645431292257697,0.8102117092281661,0.8639877927287465,0.8600007035657458,0.8471961053425647,0.8208833575172986,0.8639877927287465,0.4381640329673468,0.6720886491657916,0.8102117092281661,0.8600560586941087,0.838221298385099,0.6764842169982838,0.8208833575172986,0.6532765382595758,0.5718075724773269,0.8589850459383731,0.8612549550635495,0.8102117092281661
5UQX'1' (Label: 0),0.5037832987549882,0.8297983609121038,0.33336736280547963,0.5488161860571492,0.5109745752019936,0.44866952221295614,0.2995786808179166,0.5051795708705905,0.304506070235064,0.5507901107074824,0.34659172495178225,0.6126100043544017,0.8297983609121038,0.25168690198379773,0.3667504993153409,0.30112509639538354,0.0,0.4557470741469568,0.7501725751923862,0.7491202191507035,0.3727957182183203,0.30112509639538354,0.25634714835236405,0.4726031957537416,0.8180492558373611,0.4557470741469568,0.6420909591279118,0.7308587770467193,0.46139426864216965,0.0,0.3349890594164591,0.5488161860571492,0.5109745752019936,0.8257491435363633,0.8330495556238291,0.0,0.4557470741469568,0.29961434428670775,0.3349890594164591,0.30112509639538354,0.2591451809869622,0.3240046871735808,0.3097951543760244,0.30112509639538354,0.8696400687096983,0.3382787104533798,0.3349890594164591,0.2596637237151287,0.6096335470527167,0.62856581897589,0.3097951543760244,0.6383926953770395,0.46190471092343877,0.5488161860571492,0.5037832987549882,0.3349890594164591
5VS6'1' (Label: 0),0.48617126124775534,0.4743331359781669,0.2775488800970847,0.5292346052794215,0.49045523323099854,0.5064468115759054,0.25237598437053976,0.43713570788519523,0.3478843763318343,0.5304580185207162,0.3739011750339339,0.34308317344969563,0.4743331359781669,0.3454378481984551,0.3642160406276616,0.36545538909977093,0.31306748420842057,0.0,0.5120223909231408,0.5099668672530977,0.15422663328706612,0.36545538909977093,0.3308559912162031,0.46700260122883536,0.49580730975865084,0.0,0.2583130366132213,0.47457774033311256,0.5249720709756516,0.31306748420842057,0.2923841360253304,0.5292346052794215,0.49045523323099854,0.5171440020640415,0.5373737327177878,0.31306748420842057,0.0,0.36804622961801897,0.2923841360253304,0.36545538909977093,0.34685422117723125,0.29950759998715815,0.31375973144300456,0.36545538909977093,0.597384040231915,0.29132486585078277,0.2923841360253304,0.34711247318140975,0.3422531694891293,0.3200986371509797,0.31375973144300456,0.257671761630497,0.5254222596668873,0.5292346052794215,0.48617126124775534,0.2923841360253304
5WHC'1' (Label: 0),0.7098496655505316,0.7611132433335837,0.5619836973301621,0.7594602780588268,0.7149075179992013,0.4501612838380857,0.21570219735244353,0.6129313926462745,0.2614519695905828,0.7609010906699002,0.6120045885492851,0.3965494271057849,0.7611132433335837,0.058646257019866435,0.6368849817504094,0.006343163461437245,0.32228357774306937,0.5763202418819675,0.562905616616891,0.5604713752600986,0.5005470467265315,0.006343163461437245,0.22519194900941575,0.726440826482071,0.9299460318827661,0.5763202418819675,0.8011493037788457,0.5286992802071872,0.47079919092454636,0.32228357774306937,0.5351814963811218,0.7594602780588268,0.7149075179992013,0.9329106127084981,0.9357213888235852,0.32228357774306937,0.5763202418819675,0.0,0.5351814963811218,0.006343163461437245,0.2279626954825305,0.32262276879110124,0.5096164345970082,0.006343163461437245,0.9354382326377966,0.28730172880829097,0.5351814963811218,0.2280284436461869,0.3932999807016888,0.5864797034744507,0.5096164345970082,0.7975885645393286,0.47130071979281274,0.7594602780588268,0.7098496655505316,0.5351814963811218
6EOQ'1' (Label: 1),0.5118239249726556,0.7415979825217791,0.030663436515488918,0.5555828131075,0.5160883318659201,0.5701450992922527,0.3025678432868877,0.3715217268918932,0.529722825189087,0.5568032497702382,0.27529646369515953,0.4433388869693362,0.7415979825217791,0.3791864290969487,0.30407849336649334,0.3981718852731737,0.2697414254024091,0.3427336577521201,0.4900984961515365,0.4879506217592383,0.407568069272414,0.3981718852731737,0.36535639807483994,0.48905649195196066,0.6255794835557551,0.3427336577521201,0.5510275704145066,0.5724783621813389,0.586279476682473,0.2697414254024091,0.0,0.5555828131075,0.5160883318659201,0.6414244084639215,0.6564472883013687,0.2697414254024091,0.3427336577521201,0.4006291446019433,0.0,0.3981718852731737,0.3805297750364717,0.27076765604830366,0.03167271008511154,0.3981718852731737,0.7002555609709487,0.32753167837940117,0.0,0.3807747120624856,0.4401485583034833,0.44793856287779343,0.03167271008511154,0.5472505713181214,0.5866715640104285,0.5555828131075,0.5118239249726556,0.0
6F5H'1' (Label: 0),0.7060273635659708,0.7634985247665294,0.5564533331839968,0.755534338509199,0.7110881312550636,0.4504877410825592,0.20822864633025992,0.6080497689756225,0.2617644064746445,0.7569755946368697,0.6066297575107022,0.39621393593367693,0.7634985247665294,0.058937580002388745,0.6322277383500542,0.0,0.3225861190937504,0.5699267219903834,0.5649311056302907,0.5619169210323334,0.4950484417331745,0.0,0.22312400307104563,0.7225365149919163,0.9251298301360715,0.5699267219903834,0.7943031991971344,0.5283853741378285,0.47111339449310213,0.3225861190937504,0.5297272208894115,0.755534338509199,0.7110881312550636,0.9282982255312681,0.9313022424454173,0.3225861190937504,0.5699267219903834,0.006317264376286325,0.5297272208894115,0.0,0.2259441910309476,0.3248258894455689,0.5042400900615152,0.0,0.931618845893659,0.28277080051626646,0.5297272208894115,0.22601073730637342,0.3929640656418216,0.580532260854553,0.5042400900615152,0.7907365402878445,0.4716146258621714,0.755534338509199,0.7060273635659708,0.5297272208894115
6M1K'1' (Label: 0),0.7274913254604919,0.8667377475794359,0.5180358908382856,0.7770978005826312,0.7315912444806354,0.504348006518268,0.15493490316970857,0.6481311666017523,0.24232099563168633,0.7782932127529206,0.5692927471662003,0.4388750145368809,0.8667377475794359,0.22234177839585995,0.5998755502035455,0.21950944701117628,0.2697080421079308,0.5255132484234745,0.6525978728637003,0.6499529695333813,0.45685161875170616,0.21950944701117628,0.02449411828070514,0.7093511500606533,0.8916734160485372,0.5255132484234745,0.7467457799670123,0.5646680934202877,0.5068132420768144,0.2697080421079308,0.4918383386168545,0.7770978005826312,0.7315912444806354,0.8962576373689851,0.9006040264837105,0.2697080421079308,0.5255132484234745,0.2205662036432105,0.4918383386168545,0.21950944701117628,0.0,0.4828434442633764,0.4677496361336092,0.21950944701117628,0.9050869453833272,0.30253302574642044,0.4918383386168545,0.0007759603848069195,0.4345403118408607,0.5392175246277927,0.4677496361336092,0.7431380021157687,0.506515212494677,0.7770978005826312,0.7274913254604919,0.4918383386168545
6QVZ'1' (Label: 1),0.4963964512029794,0.5516413453225092,0.3202663627936144,0.5402195117386583,0.501617102781974,0.659815764481311,0.39733013650342963,0.41668123586803946,0.46210259408272203,0.5416850921581531,0.488227357760275,0.3176540725934148,0.5516413453225092,0.3023440154820635,0.3896064905365228,0.2891306291726785,0.3089537575663707,0.41575354559531025,0.49371814830202393,0.49158552108610076,0.47880142214581056,0.2891306291726785,0.4448636002862964,0.5084078608101138,0.7960348914900326,0.41575354559531025,0.6107981151749478,0.4841190119559962,0.6725844006056726,0.3089537575663707,0.3206431374346617,0.5402195117386583,0.501617102781974,0.8046663944096175,0.8128500894358985,0.3089537575663707,0.41575354559531025,0.2859970992201486,0.3206431374346617,0.2891306291726785,0.4423823269446723,0.0,0.2946802013918235,0.2891306291726785,0.8292428399784151,0.35853499301423286,0.3206431374346617,0.4423632941055736,0.31430494316390534,0.5729332951989644,0.2946802013918235,0.6070727946935993,0.6728946958991513,0.5402195117386583,0.4963964512029794,0.3206431374346617
6QZV'1' (Label: 1),0.4992037016481026,0.7579161822680516,0.05694866934577077,0.5426204061404092,0.5034777338889546,0.5530594058215486,0.3214858209549185,0.38912126360035154,0.5094440802744157,0.5438423071768487,0.2948826345381291,0.4648194462033384,0.7579161822680516,0.36509174580921866,0.32246334561860784,0.3845082395858101,0.25307055831444625,0.37312137845997767,0.5061718908785283,0.5040917232165599,0.4309856417363439,0.3845082395858101,0.36698547185573,0.47616549507798345,0.6455095349202594,0.37312137845997767,0.5835663796141456,0.5925768875233317,0.569835086006838,0.25307055831444625,0.03213181097915331,0.5426204061404092,0.5034777338889546,0.6605110493876042,0.6747342754843474,0.25307055831444625,0.37312137845997767,0.38702128746949876,0.03213181097915331,0.3845082395858101,0.36713830780790474,0.2524502307741624,0.0,0.3845082395858101,0.7104058750184543,0.3191391949539435,0.03213181097915331,0.3676141503153867,0.46165625788237974,0.48297568235633137,0.0,0.5798175141176987,0.5702427578473328,0.5426204061404092,0.4992037016481026,0.03213181097915331
6VN2'1' (Label: 0),0.7060273635659708,0.7634985247665294,0.5564533331839968,0.755534338509199,0.7110881312550636,0.4504877410825592,0.20822864633025992,0.6080497689756225,0.2617644064746445,0.7569755946368697,0.6066297575107022,0.39621393593367693,0.7634985247665294,0.058937580002388745,0.6322277383500542,0.0,0.3225861190937504,0.5699267219903834,0.5649311056302907,0.5619169210323334,0.4950484417331745,0.0,0.22312400307104563,0.7225365149919163,0.9251298301360715,0.5699267219903834,0.7943031991971344,0.5283853741378285,0.47111339449310213,0.3225861190937504,0.5297272208894115,0.755534338509199,0.7110881312550636,0.9282982255312681,0.9313022424454173,0.3225861190937504,0.5699267219903834,0.006317264376286325,0.5297272208894115,0.0,0.2259441910309476,0.3248258894455689,0.5042400900615152,0.0,0.931618845893659,0.28277080051626646,0.5297272208894115,0.22601073730637342,0.3929640656418216,0.580532260854553,0.5042400900615152,0.7907365402878445,0.4716146258621714,0.755534338509199,0.7060273635659708,0.5297272208894115
6VN3'1' (Label: 0),1.0,0.8888941160463611,1.0,0.9999999999999999,1.0,0.7944970858950113,1.0,0.9401905950232018,1.0,1.0,1.0,1.0,0.8888941160463611,1.0,1.0,0.9999999999999999,1.0,1.0,0.5444045138855897,0.5483676291161862,1.0,0.9999999999999999,0.9999999999999999,1.0,0.4602420449703695,1.0,0.9999999999999999,0.786176316630801,0.767968605647351,1.0,0.9999999999999999,0.9999999999999999,1.0,0.48716430118297493,0.5069691146115302,1.0,1.0,0.9999999999999999,0.9999999999999999,0.9999999999999999,1.0,1.0,1.0,0.9999999999999999,0.0,1.0,0.9999999999999999,1.0,1.0,0.9714789304537954,1.0,1.0,0.7665644848470372,0.9999999999999999,1.0,0.9999999999999999
6VN4'1' (Label: 0),0.6101554952035422,0.7949627201200232,0.4073056229669599,0.6580725487936729,0.6172656421615302,0.5665402833791652,0.2237645585032813,0.5778685349953006,0.4173147341128988,0.66003413066348,0.37845072894597637,0.4471017922388831,0.7949627201200232,0.26972595827058804,0.4645592957951521,0.2558601895467846,0.32790009766461936,0.4110837983793321,0.6062686590028695,0.6046101318983401,0.22752913984545192,0.2558601895467846,0.27952226049106105,0.6104870187617468,0.6854647168069208,0.4110837983793321,0.5323329454983692,0.5759991663293828,0.5581217430381991,0.32790009766461936,0.3942785635378607,0.6580725487936729,0.6172656421615302,0.6404436730582747,0.6555076417776735,0.32790009766461936,0.4110837983793321,0.25889850613303034,0.3942785635378607,0.2558601895467846,0.2817662106879635,0.36446534523364155,0.378686673646852,0.2558601895467846,0.8429589408118408,0.0,0.3942785635378607,0.28227580911579553,0.4439162179439805,0.36085044798748167,0.378686673646852,0.5243479140786297,0.5590345426813049,0.6580725487936729,0.6101554952035422,0.3942785635378607
6VN5'1' (Label: 0),0.5118239249726556,0.7415979825217791,0.030663436515488918,0.5555828131075,0.5160883318659201,0.5701450992922527,0.3025678432868877,0.3715217268918932,0.529722825189087,0.5568032497702382,0.27529646369515953,0.4433388869693362,0.7415979825217791,0.3791864290969487,0.30407849336649334,0.3981718852731737,0.2697414254024091,0.3427336577521201,0.4900984961515365,0.4879506217592383,0.407568069272414,0.3981718852731737,0.36535639807483994,0.48905649195196066,0.6255794835557551,0.3427336577521201,0.5510275704145066,0.5724783621813389,0.586279476682473,0.2697414254024091,0.0,0.5555828131075,0.5160883318659201,0.6414244084639215,0.6564472883013687,0.2697414254024091,0.3427336577521201,0.4006291446019433,0.0,0.3981718852731737,0.3805297750364717,0.27076765604830366,0.03167271008511154,0.3981718852731737,0.7002555609709487,0.32753167837940117,0.0,0.3807747120624856,0.4401485583034833,0.44793856287779343,0.03167271008511154,0.5472505713181214,0.5866715640104285,0.5555828131075,0.5118239249726556,0.0
6VN6'1' (Label: 0),0.7280540432973095,0.8666553184124858,0.518554279948905,0.7776757759021551,0.7321535331368723,0.5050456946726929,0.154855059124785,0.6480504743276279,0.2417292442146783,0.7788711227781006,0.5697965573689611,0.43879451070999553,0.8666553184124858,0.22249806203717148,0.6003120975542795,0.21966095149983653,0.2703546184059518,0.5261125455045942,0.6525278771936989,0.6498826792746766,0.45736703091568287,0.21966095149983653,0.02489936074421282,0.7099259413055304,0.8921248630914528,0.5261125455045942,0.7473875001477133,0.5647601611305555,0.5074847431481413,0.2703546184059518,0.4923495958803032,0.7776757759021551,0.7321535331368723,0.8966899801154745,0.9010182555359393,0.2703546184059518,0.5261125455045942,0.22071708954026795,0.4923495958803032,0.21966095149983653,0.0007762673190240155,0.48301365307323124,0.4685411395206307,0.21966095149983653,0.9054449561251439,0.3032000673175028,0.4923495958803032,0.0,0.4344597062986707,0.5397750089798369,0.4685411395206307,0.7437802775514745,0.5071860769031136,0.7776757759021551,0.7280540432973095,0.4923495958803032
7A3F'1' (Label: 1),0.6730195968965265,0.4223679891787898,0.5005677947150415,0.721149130286653,0.6771610610864843,0.8323877550243087,0.304295531739998,0.41840410645218507,0.6272632789808298,0.7223508630239179,0.7029248472457997,0.004883044646331852,0.4223679891787898,0.3997364226387549,0.4867458686396015,0.33037667760158895,0.5490654596393969,0.4487336844394903,0.32396523937717,0.32365998579632743,0.5324042116387222,0.33037667760158895,0.3696520405738251,0.6537107018229367,0.7380257367604233,0.4487336844394903,0.5929761085093609,0.25365251786718834,0.8386789922281054,0.5490654596393969,0.4923087170746075,0.721149130286653,0.6771610610864843,0.7491121020086494,0.7596232991820203,0.5490654596393969,0.4487336844394903,0.329309013070502,0.4923087170746075,0.33037667760158895,0.376040463440328,0.29686861710543533,0.5089873524795037,0.33037667760158895,0.7832399092132596,0.4124671812673096,0.4923087170746075,0.3758220514855443,0.0,0.34948071487989807,0.5089873524795037,0.5926241888291334,0.8388318780257311,0.721149130286653,0.6730195968965265,0.4923087170746075
7CM2'1' (Label: 0),0.6101523704114172,0.5259725700817777,0.4061075399346103,0.6580693395128252,0.6172625197526603,0.7490583929256923,0.2932844697494332,0.2978520870442459,0.5919943903356759,0.6600309215085938,0.5397423673446878,0.2874446083120026,0.5259725700817777,0.4326009470709851,0.3651309563288712,0.4001763966774073,0.46416735667499737,0.34410706158758503,0.3493471264122173,0.3466063607854791,0.3654638943763537,0.4001763966774073,0.36747020815873793,0.580269307154491,0.45501844517545165,0.34410706158758503,0.3987041209968208,0.29951768107244914,0.7337891313173855,0.46416735667499737,0.41079510664337987,0.6580693395128252,0.6172625197526603,0.47808126219720887,0.5026501554824983,0.46416735667499737,0.34410706158758503,0.4026254716023128,0.41079510664337987,0.4001763966774073,0.38259304709062975,0.44369619749899425,0.43659835606067166,0.4001763966774073,0.6238738204502553,0.2749059901895558,0.41079510664337987,0.3828371683038726,0.2865443059094447,0.0,0.43659835606067166,0.3939923614490529,0.7345354492300705,0.6580693395128252,0.6101523704114172,0.41079510664337987
7SVL'1' (Label: 1),0.4992037016481026,0.7579161822680516,0.05694866934577077,0.5426204061404092,0.5034777338889546,0.5530594058215486,0.3214858209549185,0.38912126360035154,0.5094440802744157,0.5438423071768487,0.2948826345381291,0.4648194462033384,0.7579161822680516,0.36509174580921866,0.32246334561860784,0.3845082395858101,0.25307055831444625,0.37312137845997767,0.5061718908785283,0.5040917232165599,0.4309856417363439,0.3845082395858101,0.36698547185573,0.47616549507798345,0.6455095349202594,0.37312137845997767,0.5835663796141456,0.5925768875233317,0.569835086006838,0.25307055831444625,0.03213181097915331,0.5426204061404092,0.5034777338889546,0.6605110493876042,0.6747342754843474,0.25307055831444625,0.37312137845997767,0.38702128746949876,0.03213181097915331,0.3845082395858101,0.36713830780790474,0.2524502307741624,0.0,0.3845082395858101,0.7104058750184543,0.3191391949539435,0.03213181097915331,0.3676141503153867,0.46165625788237974,0.48297568235633137,0.0,0.5798175141176987,0.5702427578473328,0.5426204061404092,0.4992037016481026,0.03213181097915331
7VIJ'1' (Label: 0),0.4968341480973084,0.4133578531948168,0.421575521464251,0.48468336476432666,0.5001386458652224,0.5590295419831883,0.38784737047226325,0.5235986238322755,0.41710398705109014,0.48549430406167066,0.44659136993891196,0.42496763786931124,0.4133578531948168,0.456495487309666,0.3527350317982361,0.47311671079911555,0.40918821060216254,0.2404296121875649,0.5870237438738151,0.5852841507985528,0.2366015826198761,0.47311671079911555,0.44438769098648084,0.47681314061921887,0.38072100367986234,0.2404296121875649,0.008437999772770134,0.5552890971103586,0.5327159957248613,0.40918821060216254,0.43561658123413105,0.48468336476432666,0.5001386458652224,0.40928937585058256,0.42132437306601794,0.40918821060216254,0.2404296121875649,0.4752679710109276,0.43561658123413105,0.47311671079911555,0.4576715482310999,0.4080691708851418,0.454945664113009,0.47311671079911555,0.5574099862986333,0.3467271648139809,0.43561658123413105,0.45788598358690225,0.42175409742245756,0.3419787899741753,0.454945664113009,0.0,0.5327907811163098,0.48468336476432666,0.4968341480973084,0.43561658123413105
7XHH'1' (Label: 0),0.792349188282536,0.9659765313632106,0.7041847717400728,0.7886934459883619,0.7963727772643633,0.039983856127897614,0.5848693778491273,1.0,0.28039657640352345,0.7904589625384367,0.5306818820312874,0.9002581678183362,0.9659765313632106,0.37874806171855924,0.8222607258362107,0.4243005258676193,0.44518181956227976,0.7371899779272914,0.6328083284443583,0.6312615952371663,0.5810310647765446,0.4243005258676193,0.47140183529681867,0.8137784593470763,0.514496980817439,0.7371899779272914,0.8046941895979227,0.9999999999999999,0.0014431048128101978,0.44518181956227976,0.7022035849863144,0.7886934459883619,0.7963727772643633,0.535042753750962,0.5545225984610471,0.44518181956227976,0.7371899779272914,0.42228684947584777,0.7022035849863144,0.4243005258676193,0.4690582325570279,0.6801268886949787,0.6727873301737901,0.4243005258676193,0.6425001962888847,0.5558489539018868,0.7022035849863144,0.4694937761732095,0.8976451493954791,0.9586806342845687,0.6727873301737901,0.8011365149131354,0.0,0.7886934459883619,0.792349188282536,0.7022035849863144
7XHK'1' (Label: 0),0.031014887181453694,0.9645643098088467,0.7780000232877732,0.0,0.02908503512838659,0.9313369087779954,0.8573520297261658,0.6405670239612221,0.7665465113190986,0.002279332778541337,0.8979343692925491,0.8983519941680753,0.9645643098088467,0.7823230528555821,0.4366925683241931,0.7889799565288913,0.6139562121219685,0.8618757200399365,0.998615784314075,0.9986099535381253,0.8421118832098222,0.7889799565288913,0.846600432608779,0.07417471856212665,0.9639232097731572,0.8618757200399365,0.8494469747409024,0.9982164672938825,0.9157372238803732,0.6139562121219685,0.7718666278076063,0.0,0.02908503512838659,0.9654499264379643,0.9668974357504878,0.6139562121219685,0.8618757200399365,0.7898415496610303,0.7718666278076063,0.7889799565288913,0.8352863939657186,0.633780049370418,0.7430869014976701,0.7889799565288913,0.972859285237802,0.7594818186962381,0.7718666278076063,0.8355771318542266,0.8957365670312281,0.9969154102328509,0.7430869014976701,0.8459279944773962,0.9154480203698685,0.0,0.031014887181453694,0.7718666278076063
7XPY'1' (Label: 0),0.0,0.9990042068653973,0.7338052386052069,0.031855822147161095,0.008519986146688587,0.9424137269293492,0.8205871715814366,0.6034117270642357,0.7718938818096676,0.0341315563840519,0.8549824959299154,0.8612833339019239,0.9990042068653973,0.7496148441807781,0.4019782148020884,0.7572720163590027,0.5788590995373032,0.8132129910350875,0.9663858102722144,0.9662442161470954,0.8009555441736537,0.7572720163590027,0.8136948760024785,0.04297420425951905,0.9953552389098888,0.8132129910350875,0.8941267832233181,0.963532760514289,0.9445751971332442,0.5788590995373032,0.7303527301938271,0.031855822147161095,0.008519986146688587,0.9955517980850991,0.9957381599135046,0.5788590995373032,0.8132129910350875,0.7582630727546082,0.7303527301938271,0.7572720163590027,0.8031675598805388,0.5981575354304655,0.7021661564927496,0.7572720163590027,0.9992373076656506,0.7232738212580154,0.7303527301938271,0.8034709974782221,0.8586210713963982,0.9493876274230059,0.7021661564927496,0.8906464338712706,0.944627724044623,0.031855822147161095,0.0,0.7303527301938271
8D4Z'1' (Label: 0),0.5118239249726556,0.7415979825217791,0.030663436515488918,0.5555828131075,0.5160883318659201,0.5701450992922527,0.3025678432868877,0.3715217268918932,0.529722825189087,0.5568032497702382,0.27529646369515953,0.4433388869693362,0.7415979825217791,0.3791864290969487,0.30407849336649334,0.3981718852731737,0.2697414254024091,0.3427336577521201,0.4900984961515365,0.4879506217592383,0.407568069272414,0.3981718852731737,0.36535639807483994,0.48905649195196066,0.6255794835557551,0.3427336577521201,0.5510275704145066,0.5724783621813389,0.586279476682473,0.2697414254024091,0.0,0.5555828131075,0.5160883318659201,0.6414244084639215,0.6564472883013687,0.2697414254024091,0.3427336577521201,0.4006291446019433,0.0,0.3981718852731737,0.3805297750364717,0.27076765604830366,0.03167271008511154,0.3981718852731737,0.7002555609709487,0.32753167837940117,0.0,0.3807747120624856,0.4401485583034833,0.44793856287779343,0.03167271008511154,0.5472505713181214,0.5866715640104285,0.5555828131075,0.5118239249726556,0.0
